{"cameraMode":{"drawMode":0,"name":"Shaded","section":"Shading Mode"},"sceneLighting":false,"audioPlay":false,"sceneViewState":{"m_AlwaysRefresh":false,"showFog":true,"showSkybox":false,"showFlares":true,"showImageEffects":true,"showParticleSystems":true,"showVisualEffectGraphs":true,"m_FxEnabled":true},"in2DMode":false,"pivot":{"x":-0.16685882210731507,"y":-3.181304931640625,"z":3.8127686977386476},"rotation":{"x":0.4107632040977478,"y":-0.00958263874053955,"z":0.0043048863299191,"w":0.9116987586021423},"size":2.9522905349731447,"orthographic":false}