{"cameraMode":{"drawMode":0,"name":"Shaded","section":"Shading Mode"},"sceneLighting":false,"audioPlay":false,"sceneViewState":{"m_AlwaysRefresh":false,"showFog":true,"showSkybox":false,"showFlares":true,"showImageEffects":true,"showParticleSystems":true,"showVisualEffectGraphs":true,"m_FxEnabled":true},"in2DMode":false,"pivot":{"x":-0.0562003031373024,"y":-0.013264168053865433,"z":-0.005758278071880341},"rotation":{"x":-0.19806277751922608,"y":0.06375730782747269,"z":-0.012911677360534668,"w":-0.9780303239822388},"size":0.1491473764181137,"orthographic":false}