{"cameraMode":{"drawMode":0,"name":"Shaded","section":"Shading Mode"},"sceneLighting":false,"audioPlay":false,"sceneViewState":{"m_AlwaysRefresh":false,"showFog":true,"showSkybox":false,"showFlares":true,"showImageEffects":true,"showParticleSystems":true,"showVisualEffectGraphs":true,"m_FxEnabled":true},"in2DMode":false,"pivot":{"x":-0.031693339347839358,"y":-0.05145592987537384,"z":-0.03858020901679993},"rotation":{"x":-0.38739967346191409,"y":-0.0022149982396513225,"z":0.0009307886357419193,"w":-0.9219104647636414},"size":0.1838284134864807,"orthographic":false}